{"cameraMode":{"drawMode":0,"name":"Shaded","section":"Shading Mode"},"sceneLighting":true,"audioPlay":false,"sceneViewState":{"showFog":true,"showMaterialUpdate":true,"showSkybox":true,"showFlares":true,"showImageEffects":true,"showParticleSystems":true},"in2DMode":false,"pivot":{"x":1.4340858459472657,"y":5.447612762451172,"z":1.6194534301757813},"rotation":{"x":0.11913266777992249,"y":-0.8647733926773071,"z":0.24382628500461579,"w":0.4225200414657593},"size":14.540657043457032,"orthographic":false}