{"cameraMode":{"drawMode":0,"name":"Shaded","section":"Shading Mode"},"sceneLighting":true,"audioPlay":false,"sceneViewState":{"showFog":true,"showMaterialUpdate":true,"showSkybox":true,"showFlares":true,"showImageEffects":true,"showParticleSystems":true},"in2DMode":false,"pivot":{"x":6.109882831573486,"y":5.343535423278809,"z":7.17362117767334},"rotation":{"x":0.023055123165249826,"y":-0.9092156887054443,"z":0.05080478638410568,"w":0.41257020831108096},"size":5.737827777862549,"orthographic":false}